1. Recounting Reconstruction (pull screen),,,,,,,,,,,
Lead Text,Spanish Translation ,Body Text (character max 470),Spanish Translation ,Status,,Notes,,,,,
Emancipation brought opportunity but it did not equal equality.,"La emancipación trajo oportunidades, pero no significó igualdad.","On June 19, 1865, Union General Gordon Granger arrived in Galveston to announce that over 250,000 enslaved people in Texas were free. After the Civil War ended, the state entered a period of Reconstruction. This era radically reshaped government and redefined formerly enslaved people's rights as citizens. Black Texans forged new paths forward while confronting racist policymaking. ","El 19 de junio de 1865, el general de la Unión Gordon Granger llegó a Galveston para anunciar que más de 250,000 personas esclavizadas en Texas eran libres. Después del fin de la Guerra Civil, el estado entró en un período de Reconstrucción. Esta era transformó radicalmente el gobierno y redefinió los derechos de las personas anteriormente esclavizadas como ciudadanos. Los tejanos negros forjaron nuevos caminos hacia el futuro al tiempo que se enfrentaban a políticas racistas.",Complete,,,,,,,
2. Title (intro screen),,,,,,,,,,,
Lead Text (character max 110),Spanish Translation ,Body Text (character max 445),Spanish Translation ,Status,,Notes,,,,,
With freedom came the opportunity for Black Texans to choose their paths in life.,Con la libertad vino la oportunidad para que los texanos negros eligieran su camino en la vida.,"Many Black Texans continued working in agriculture, purchasing or leasing land. Others pursued a formal education or ran for public office. Faced with hostility and violence from white Texans, Black Texans created spaces for community connection and free expression. Select a topic to learn about a person who pursued that path and how their rights shifted throughout Reconstruction.","Muchos tejanos negros continuaron trabajando en la agricultura, comprando o arrendando tierras. Otros siguieron una educación formal o se postularon para un cargo público. Ante la creciente hostilidad y violencia de los texanos blancos, los texanos negros crearon espacios para la conexión comunitaria y la libre expresión. Selecciona un tema para conocer a una persona que siguió ese camino y cómo cambiaron sus derechos durante la Reconstrucción.",Complete,,,,,,,
3. Ransom and Sarah Williams (Agriculture),,,,,,,,,,,
Body Text (character max 495),Spanish Translation ,Illustration link,,Status,,Notes,,,,,
"Before Emancipation, Ransom Williams (ca. 1846–1901) was enslaved by the Bunton family in Mountain City, Texas. By 1871, he had purchased 45 acres of land near Bear Creek in Travis County. Four years later, he married Sarah Houston. Together, they ran a successful farm that produced food to sustain their family and cotton to sell for profit. The Williams earned enough to start a horse raising business, buy fine goods, and invest in their children's education.","Antes de la emancipación, Ransom Williams (ca. 1846–1901) fue esclavizado por la familia Bunton en Mountain City, Texas. Para 1871, compró 45 acres de tierra cerca de Bear Creek, en el condado de Travis. Cuatro años después, se casó con Sarah Houston. Juntos, manejaron una granja exitosa que producía alimentos para sustentar a su familia y algodón para vender con fines de lucro. Los Williams ganaron lo suficiente para iniciar un negocio de crianza de caballos, comprar productos de lujo e invertir en la educación de sus hijos.",Link to illustration resources and reference images,,Complete,,,,,,,
3-a. Ransom and Sarah Williams (artifact),,,,,,,,,,,
Lead text / artifact title,Spanish Translation ,Artifact image caption (character max 160),Spanish Translation ,Artifact image tombstone,Spanish Translation ,Artifact image link (link to high res image in image folder),,Status,Notes,,
Brand from Ransom's farm,Marca del rancho de Ransom,"Williams registered his horse brand, “RA,” in Travis County in April 1872. This fragment found on the Williams Farmstead matches the brand he filed with the county.","Ransom registró su marca de ganado, “RA”, en el condado de Travis en abril de 1872. Este fragmento encontrado en la granja de los Williams coincide con la marca registrada en el condado.","Brand from Ransom's farm // Courtesy Texas Archaeological Research Laboratory, The University of Texas at Austin","Marca del rancho de Ransom // Cortesía del Laboratorio de Investigación Arqueológica de Texas, Universidad de Texas en Austin",Williams Artifact Image Link,,Complete, eli.yung@thestoryoftexas.com  I realized that the body text on this section was not filled out but what you had written for the caption is great body text! We do need a caption for the artifact though!,"
mac@museworkexhibits.comApologies, I misunderstood the comment about potentially not needing both the caption and the body text! Just to clarify, what content do you need for the caption? Is it interpretive like the body text or descriptive like materials used to make the artifact?  eli.yung@thestoryoftexas.com Actually, I am just going to get rid of the body text for these artifacts and just have captions. What you have here for Williams will work just fine as the caption.","mac@museworkexhibits.com Also, what resolution do you need for the images?"
3-b. Ransom and Sarah Williams (New opportunities),,,,,,,,,,,
Lead Text (character max 190),Spanish Translation ,Body Text (character max 455),Spanish Translation ,New Opportunities image link,New Opportunities image caption (character max 160),Spanish Translation ,New Opportunities image tombstone ,Spanish Translation ,Status,Notes,
"By growing crops and raising horses on their own land, the Williams family created a self-sufficient farm where they could thrive. ","Al cultivar productos y criar caballos en su propia tierra, los Williams crearon una granja autosuficiente donde su familia pudo prosperar.","Some white landowners exploited the labor of Black Texans to limit their financial freedom. Apprenticeship and tenant farming laws allowed landowners to create contracts that tied workers to the land. By owning his property, Ransom kept all the profits of his work. Financial success allowed Ransom and Sarah to better their family's quality of life and education.","Los terratenientes explotaban la mano de obra de los texanos negros para limitar su libertad financiera. Las leyes de aprendizaje y arrendamiento agrícola permitían a los terratenientes atrapar a los trabajadores en contratos abusivos que los ataban a la tierra. Al ser propietario de su terreno, Ransom conservaba todas las ganancias de su trabajo. El éxito financiero permitió a Ransom y Sarah mejorar la calidad de vida y la educación de su familia.",Williams Opportunities Image Link,"This photograph of a family on their farm shows what life may have looked like for the Williams. The Williams property contained a family home, an outbuilding, a livestock pond, pastures, cultivated fields, and corrals.","Esta fotografía de una familia en su granja muestra cómo pudo haber sido la vida para los Williams. La propiedad de los Williams incluía una casa familiar, una edificación auxiliar, un estanque para el ganado, pastizales, campos cultivados y corrales.","Family and ox cart in front of house, ca. 1888
Courtesy The Cook Collection, The Valentine","Familia y carreta de bueyes frente a la casa, ca. 1888
Cortesía de The Cook Collection, The Valentine
",Complete,,
3-c. Ransom and Sarah Williams (Challenges and dangers),,,,,,,,,,,
Lead Text (character max 190),Spanish Translation ,Body Text (character max 455),Spanish Translation ,Challenges and dangers image link,Challenges and dangers image caption (character max 160),Spanish Translation ,Challenges and dangers image tombstone ,Spanish Translation ,Status,Notes,
Racial violence was rampant in rural parts of Texas. Many Black families sought safety and opportunity among each other in urban centers.,La violencia racial era rampante en las zonas rurales de Texas. Muchas familias negras buscaban seguridad y oportunidades entre ellas en los centros urbanos.,"After Ransom died, Sarah and her children remained on the farm four more years. But life in rural Texas offered limited job options and a higher risk of exposure to racial violence. Legislators actively worked to remove protections for Black Texans. The Williams family ultimately moved to a freedom colony in East Austin.","Después de la muerte de Ransom, Sarah y sus hijos permanecieron en la granja durante cuatro años más. Pero la vida en el Texas rural ofrecía pocas opciones de empleo y un mayor riesgo de exposición a la violencia racial. Los legisladores trabajaban activamente para eliminar las protecciones para los texanos negros. Finalmente, la familia Williams se mudó a una colonia de libertad en el este de Austin.",Williams Challenges Image Link,"Many Black Texans moved to Austin to pursue better opportunities after Emancipation. By the early 1900s, Sixth Street (pictured here) was home to several Black-owned businesses. ","Muchos texanos negros se mudaron an Austin en busca de mejores oportunidades tras la Emancipación. A principios de 1900, la Calle Sexta (que aparece en la imagen) albergaba varios negocios propiedad de personas negras.","Downtown Austin, 1920 // Courtesy Austin History Center, Austin Public Library","Centro de Austin, 1920
Cortesía del Cento de Historia de Austin, Biblioteca Pública de Austin
",Complete,,
4. Nace Duval (Community Leadership),,,,,,,,,,,
Body Text (character max 495),Spanish Translation ,Illustration link,Status,Notes,,,,,,,
"Nace Duval was a preacher, community leader, and businessman in San Antonio. In 1866, Duval organized the first Black Methodist congregations in Bexar County. The St. James and St. Paul churches were gathering places that met community needs. Within these spaces, Duval established a school and employment agency. Available to church members, the services helped advance education and job prospects. Duval also owned a barbershop on Soledad Street that served clients of any race. ","Nace Duval fue predicador, líder comunitario y empresario en San Antonio. En 1866, Duval organizó las primeras congregaciones metodistas negras en el condado de Bexar. Las iglesias St. James y St. Paul eran lugares de reunión que respondían a las necesidades de la comunidad. Dentro de estos espacios, Duval estableció una escuela y una agencia de empleo. Estos servicios, abiertos a los miembros de la iglesia, ayudaban a mejorar la educación y las perspectivas laborales. Duval también era dueño de una barbería en la calle Soledad que atendía a clientes de cualquier raza.",Link to illustration resources and reference images,Complete,,,,,,,,
4-a. Nace Duval (artifact),,,,,,,,,,,
Lead text / artifact title,Spanish Translation ,Artifact image caption (character max 160),Spanish Translation ,Artifact image tombstone,Spanish Translation ,Artifact image link,Status,Notes,,,
"Soledad Street, San Antonio, Texas, ca. 1870
","Calle Soledad, San Antonio, Texas, ca. 1870","This photograph looks out on Soledad Street near Main Plaza, the area where Duval ran his barbershop. ","Esta fotografía muestra la calle Soledad cerca de la Plaza Principal, el área donde Duval operaba su barbería.","Soledad Street, San Antonio, Texas, ca. 1870 //
Courtesy General Photograph Collection, UTSA Special Collections, San Antonio","Calle Soledad, San Antonio, Texas, ca. 1870 // Cortesía de Colecciones Especiales de UTSA, San Antonio",Duval Artifact Link,Complete,,,,
4-b. Nace Duval (New opportunities),,,,,,,,,,,
Lead Text (character max 190),Spanish Translation ,Body Text (character max 455),Spanish Translation ,New Opportunities image link,New Opportunities image caption (character max 160),Spanish Translation ,New Opportunities image tombstone ,Spanish Translation ,Status,Notes,
"Nace Duval created public spaces to express faith, exercise creativity, and build community.","Nace Duval creó espacios públicos para expresar la fe, ejercer la creatividad y construir comunidad. ","Black Texans had to navigate segregated spaces and find fair job opportunities. They came together safely at churches established by and for Black communities. As a preacher and respected community leader, Duval helped others find support, education, and jobs.","Los texanos negros debían navegar espacios segregados y encontrar oportunidades laborales justas. Se reunían en iglesias fundadas por y para las comunidades negras. Como predicador y respetado líder comunitario, Duval ayudó a otros a encontrar apoyo, educación y empleo.",Duval Opportunities Image Link,Freedpeople founded churches of different denominations to meet community needs. Mt. Zion (above) was San Antonio's first Baptist church founded in 1871.,"Las personas liberadas fundaron iglesias de distintas denominaciones para responder a las necesidades de la comunidad. Mt. Zion (arriba) fue la primera iglesia bautista de San Antonio, fundada en 1871.","Mount Zion Baptist Church, San Antonio, Texas
Courtesy General Photograph Collection, UTSA Special Collections, San Antonio","Iglesia Bautista Mount Zion, San Antonio, Texas
Cortesía de Colecciones Especiales de UTSA, San Antonio
",Complete,,
4-c. Nace Duval (Challenges and dangers),,,,,,,,,,,
Lead Text (character max 190),Spanish Translation ,Body Text (character max 455),Spanish Translation ,Challenges and dangers image link,Challenges and dangers image caption (character max 160),Spanish Translation ,Challenges and dangers image tombstone ,Spanish Translation ,Status,Notes,
"After the Civil War, the State Legislature passed a series of laws called the Black Codes. These laws restricted Black Texans rights, labor, and participation in public spaces. ","Después de la Guerra Civil, la Legislatura del Estado aprobó una serie de leyes conocidas como los Códigos Negros. Estas leyes restringían los derechos, el trabajo y la participación de los texanos negros en los espacios públicos.","The Black Codes were the foundation for Jim Crow segregation laws. Despite owning his own business, Duval was forced to follow these rules to avoid being the target of violence. White customers entered his barbershop through the front door. Black and Tejano customers entered through the alleyway back door.","Los Códigos Negros fueron la base de las leyes de segregación Jim Crow. A pesar de ser dueño de su propio negocio, Duval se vio obligado a seguir estas reglas para evitar la violencia. Los clientes blancos entraban a su barbería por la puerta principal. Los clientes negros y tejanos lo hacían por la puerta trasera, desde el callejón.",Duval Challenges Image Link,"Freedom did not come with equal access to public spaces. Most businesses and restaurants, like the café shown here, selectively served customers based on race. ","La libertad no vino acompañada de un acceso igualitario a los espacios públicos. La mayoría de los negocios y restaurantes, como el café que aparece aquí, servían selectivamente a los clientes según su raza.","Businesses in 500 block of East Commerce Street, San Antonio, Texas, 1917
Courtesy General Photograph Collection, UTSA Special Collections, San Antonio","Negocios en la cuadra 500 de East Commerce Street, San Antonio, Texas, 1917
Cortesía de Colecciones Especiales de UTSA, San Antonio
",Complete,"Could we crop the image slightly to focus more on the ""Public Caffe"" sign?",
5. Richard Allen (Politics),,,,,,,,,,,
Body Text (character max 495),Spanish Translation ,Illustration link,Status,Notes,,,,,,,
"Richard Allen (ca. 1830–1909) was born enslaved in Richmond, Virginia, and came to Texas with his enslaver J.J. Cain in 1837. Allen was a skilled carpenter who built Mayor Joseph R. Morris’s mansion and the Buffalo Bayou bridge in Houston. After Emancipation, Allen became a federal voting registrar and agent with the Freedmen’s Bureau. He represented the 14th District in the Twelfth Legislature and became the first Black man to run for Lieutenant Governor in 1878.","Richard Allen (ca. 1830–1909) nació esclavizado en Richmond, Virginia, y llegó a Texas con su esclavizador J.J. Cain en 1837. Allen era un carpintero calificado que construyó la mansión del alcalde Joseph R. Morris y el puente sobre el arroyo Buffalo Bayou en Houston. Tras la Emancipación, Allen se convirtió en registrador federal de votantes y agente de la Oficina de los Libertos (Freedmen’s Bureau). Representó al Distrito 14 en la Duodécima Legislatura y fue el primer hombre negro en postularse para vicegobernador en 1878.",Link to illustration resources and reference images,Complete,,,,,,,,
5-a. Richard Allen (artifact),,,,,,,,,,,
Lead text / artifact title,Spanish Translation ,Artifact image caption (character max 160),Spanish Translation ,Artifact image tombstone,Spanish Translation ,Artifact image link,Status,Notes,,,
"Oath of Office, April 26, 1870
","Juramento de cargo, 26 de abril de 1870",Allen signed this oath while serving in the Twelfth Legislature. Legislators were required to swear that they did not engage in insurrection while holding office.,Allen firmó este juramento mientras servía en la Duodécima Legislatura. Se requería que los legisladores juraran que no habían participado en ninguna insurrección mientras ocupaban el cargo.,"Oath of Office, April 26, 1870 // Courtesy Texas State Library and Archives Commission, Austin","Juramento de cargo, 26 de abril de 1870 // Cortesía de la Comisión de Bibliotecas y Archivos del Estado de Texas, Austin",Allen Artifact Image Link,Complete,,,,
5-b. Richard Allen (New opportunities),,,,,,,,,,,
Lead Text (character max 190),Spanish Translation ,Body Text (character max 455),Spanish Translation ,New Opportunities image link,New Opportunities image caption (character max 160),Spanish Translation ,New Opportunities image tombstone ,Spanish Translation ,Status,Notes,
Richard Allen and other Black Texans participated in state politics and redefined their rights as free people. ,Richard Allen y otros texanos negros participaron en la política estatal y redefinieron sus derechos como personas libres.,Richard Allen was among the first Black men to serve as representatives in the Texas State Legislature. He sponsored laws to increase access to education and guarantee pension funds for veterans regardless of race. Allen also helped shape Texas’s infrastructure by leading the Roads and Bridges Committee.,Richard Allen fue uno de los primeros hombres negros que sirvieron como representantes en la Legislatura Estatal de Texas. Promovió leyes para aumentar el acceso a la educación y garantizar fondos de pensiones para veteranos sin importar la raza. Allen también contribuyó a dar forma a la infraestructura de Texas al liderar el Comité de Caminos y Puentes.,Allen Opportunities Image Link,This charcoal portrait of Allen from 1905 likely was modeled after an original photograph taken during his time in office.,"Este retrato al carbón de Allen, fechado en 1905, probablemente fue realizado a partir de una fotografía original tomada durante su tiempo en el cargo.","Portrait of Richard Allen // Courtesy General Photograph Collection, UTSA Special Collections, San Antonio","Retrato de Richard Allen // Cortesía de la Colección General de Fotografías, Colecciones Especiales de UTSA, San Antonio",Complete,,
5-c. Richard Allen (Challenges and dangers),,,,,,,,,,,
Lead Text (character max 190),Spanish Translation ,Body Text (character max 455),Spanish Translation ,Challenges and dangers image link,Challenges and dangers image caption (character max 160),Spanish Translation ,Challenges and dangers image tombstone ,Spanish Translation ,Status,Notes,
White lawmakers in the State Legislature worked to limit Black Texans' rights and political engagement. ,Los legisladores blancos en la Legislatura Estatal trabajaron para limitar los derechos y la participación política de los texanos negros.,"Richard Allen won reelection to the Thirteenth Legislature in 1873. Gustave Cook, his white opponent, claimed that Allen’s Black voters were not properly registered. The State Legislature decided to seat Cook instead. In the following years, state-sanctioned discrimination and racial violence escalated. By 1879, Allen publicly urged Black Texans to move to Kansas for safety and better opportunity. ","Richard Allen fue reelegido para la Decimotercera Legislatura en 1873. Gustave Cook, su oponente blanco, afirmó que los votantes negros de Allen no estaban debidamente registrados. La Legislatura del Estado decidió entonces darle el escaño a Cook. En los años siguientes, la discriminación sancionada por el estado y la violencia racial aumentaron. Para 1879, Allen instó públicamente a los texanos negros a mudarse a Kansas en busca de seguridad y mejores oportunidades.",Allen Challenges Image Link,Kansas offered free land to settlers willing to meet improvement standards. Many Black Texans moved to communities like Nicodemus (shown here) as conditions in Texas worsened.,Kansas ofrecía tierras gratuitas a los colonos dispuestos a cumplir con estándares de mejora. Muchos texanos negros se mudaron a comunidades como Nicodemus (mostrada aquí) a medida que las condiciones en Texas empeoraban.,"Nicodemus Historic District, Graham County, KS
Courtesy Library of Congress, Washington D.C.","Distrito Histórico de Nicodemus, Condado de Graham, KS
Cortesía de la Biblioteca del Congreso, Washington, D.C.
",Complete,TIF file available here,
6. Harriet Smith (Education),,,,,,,,,,,
Body Text (character max 495),Spanish Translation ,Illustration link,Spanish Translation ,Status,Notes,,,,,,
"Harriet Smith learned to read and write while still enslaved in Wharton, Texas. In 1866, Colonel Dennis hired her to teach 28 children of the tenant farmers on his plantation. Eventually, Smith asked the Freedmen’s Bureau to oversee the school. This transfer separated the 28 students’ education from their former enslaver's control.  Agency reports show that Smith was an excellent teacher skilled in geography, arithmetic, and ethics. She became the principal of a Freedmen's Bureau school for almost 100 students in Bryan by 1869.","Harriet Smith aprendió a leer y escribir mientras aún estaba esclavizada en Wharton, Texas. En 1866, el coronel Dennis la contrató para enseñar a los hijos de los aparceros en su plantación. Con el tiempo, Smith solicitó que la Oficina de Libertos (Freedmen’s Bureau) se hiciera cargo de la escuela. Esta transferencia separó la educación de los 28 estudiantes del control de su antiguo esclavizador. Los informes de la agencia muestran que Smith era una excelente maestra, con habilidades en geografía, aritmética y ética. Para 1869, se convirtió en directora de una escuela del Freedmen’s Bureau con casi 100 estudiantes en Bryan, Texas.",Link to illustration resources and reference images,,Complete,,,,,,,
6-a. Harriet Smith (artifact),,,,,,,,,,,
Lead text / artifact title,Spanish Translation ,Artifact image caption (character max 160),Spanish Translation ,Artifact image tombstone,Spanish Translation ,Artifact image link,Status,Notes,,,
"Report of School for Freedmen, June 1, 1866","Informe de la Escuela para Libertos, 1 de junio de 1866","This report shows that Smith initially focused on teaching her 28 students (19 girls and 9 boys) to spell, read, and write. ","Este informe muestra que Smith inicialmente se enfocó en enseñar a sus 28 estudiantes (19 niñas y 9 niños) a deletrear, leer y escribir.","Report of School for Freedmen, June 1, 1866 // Courtesy National Museum of African American History and Culture","Informe de la Escuela para Libertos, 1 de junio de 1866 // Cortesía del Museo Nacional de Historia y Cultura Afroamericana",Smith Artifact Image Link,Complete,,,,
6-b. Harriet Smith (New opportunities),,,,,,,,,,,
Lead Text (character max 190),Spanish Translation ,Body Text (character max 455),Spanish Translation ,New Opportunities image link,New Opportunities image caption (character max 160),Spanish Translation ,New Opportunities image tombstone ,Spanish Translation ,Status,Notes,
"Educational opportunities for Black Texans improved under Reconstruction. Harriet Smith, and others like her, made a difference by forming schools for Black education.","Las oportunidades educativas para los texanos negros mejoraron durante la Reconstrucción. Harriet Smith, y otras personas como ella, marcaron la diferencia al fundar escuelas para la educación de personas negras.","Texas State law prohibited enslaved people from learning to read or write. Enslavers feared that education would make the people they held captive difficult to control. After 1865, the Freedmen's Bureau led efforts to found schools for Black Texans. Bureau records show that 150 schools enrolled 9,086 Black students across the state by 1870.","La ley estatal de Texas prohibía a las personas esclavizadas aprender a leer o escribir. Los esclavizadores temían que la educación hiciera más difícil controlar a las personas que mantenían cautivas. Después de 1865, la Oficina de Libertos lideró los esfuerzos para fundar escuelas para los texanos negros. Los registros de la Oficina muestran que para 1870 había 150 escuelas que inscribían a 9,086 estudiantes negros en todo el estado.",Smith Opportunities Image Link,"Prairie View A&M (est. 1876) was the first state college for Black Texans. Many educators like Mr. Hogg, the teacher shown above, graduated from Prairie View. ","Prairie View A&M (fundada en 1876) fue la primera universidad estatal para texanos negros. Muchos educadores, como el Sr. Hogg (en la imagen), se graduaron de Prairie View.","African American School in Diboll, Texas, with teacher J. W. Hogg and students
// Courtesy The History Center","Escuela afroamericana en Diboll, Texas, con el maestro J. W. Hogg y sus estudiantes // Cortesía de The History Center",Complete,,
6-c. Harriet Smith (Challenges and dangers),,,,,,,,,,,
Lead Text (character max 190),Spanish Translation ,Body Text (character max 455),Spanish Translation ,Challenges and dangers image link,Challenges and dangers image caption (character max 160),Spanish Translation ,Challenges and dangers image tombstone ,Spanish Translation ,Status,Notes,
"Education opportunities for Black Texans improved after the Civil War, but white Texans still refused to see them as equal citizens. ","Las oportunidades educativas para los texanos negros mejoraron después de la Guerra Civil, pero los texanos blancos seguían negándose a verlos como ciudadanos iguales.",White legislators created laws called Black Codes to restrict Black Texans’ rights. These laws extended to education. Black schools were not able to access the state public school fund. Black students could not attend white institutions.These laws established segregated schools. Fewer resources were then allocated to schools serving Black students and those of Mexican descent.  ,"Los legisladores blancos crearon leyes conocidas como los Códigos Negros para restringir los derechos de los texanos negros. Estas leyes también afectaban la educación. Las escuelas negras no podían acceder al fondo estatal para escuelas públicas. Los estudiantes negros no podían asistir a instituciones para blancos. Estas leyes establecieron escuelas segregadas. En consecuencia, se asignaron menos recursos a las escuelas que atendían a estudiantes negros y de ascendencia mexicana.",Smith Challenges Image Link,Student in an Austin Freedom Community pose with their teacher.,Estudiantes de una comunidad de libertad en Austin posan con su maestro.,"Group of Black Students, 1870s //
Courtesy University of North Texas Libraries, The Portal to Texas History, crediting Austin History Center, Austin Public Library","Grupo de estudiantes negros, década de 1870
Imagen cortesía de las Bibliotecas de la Universidad del Norte de Texas, The Portal to Texas History, con crédito al Centro de Historia de Austin, Biblioteca Pública de Austin",Complete,,
7. Hope Thompson (Entrepreneurship),,,,,,,,,,,
Body Text (character max 495),Spanish Translation ,Illustration link,Status,Notes,,,,,,,
"Hope Thompson (ca. 1826–1895) was born enslaved in South Carolina before owning property and a laundry business in Dallas. Thompson washed laundry for clients from her home. This allowed her to support her family after her husband, Isaac, left her in 1872. Thompson negotiated a $50 loan from one of her clients, William Henry Gaston, to buy property on the corner of Live Oak and Elm in Dallas. Thompson repaid the debt by washing Gaston's clothes and continued to build her property investments. By 1885, Thompson's real estate was worth $35,000.","Hope Thompson (ca. 1826–1895) nació esclavizada en Carolina del Sur antes de convertirse en propietaria de bienes raíces y de un negocio de lavandería en Dallas. Thompson lavaba ropa para sus clientes desde su casa, lo que le permitió mantener a su familia después de que su esposo, Isaac, la dejara en 1872. Thompson negoció un préstamo de $50 con uno de sus clientes, William Henry Gaston, para comprar una propiedad en la esquina de Live Oak y Elm en Dallas. Pagó la deuda lavando la ropa de Gaston y continuó ampliando sus inversiones inmobiliarias. Para 1885, los bienes raíces de Thompson valían $35,000.",Link to illustration resources and reference images,Complete,,,,,,,,
7-a. Hope Thompson (artifact),,,,,,,,,,,
Lead text / artifact title,Spanish Translation ,Artifact image caption (character max 160),Spanish Translation ,Artifact image tombstone,Spanish Translation ,Artifact image link,Status,Notes,,,
"Dallas County Deed Index, vol. 53 p. 210, April 29, 1871","Índice de Escrituras del Condado de Dallas, vol. 53 pág. 210, 29 de abril de 1871",This entry recognizes Isaac and Hope Thompson’s joint purchase of land from W. L. and Lou Williams. The property remained in Hope’s possession as she continued to build her investments after Isaac left. ,"Esta entrada reconoce la compra conjunta de terreno por parte de Isaac y Hope Thompson a W. L. y Lou Williams. La propiedad permaneció en posesión de Hope, quien continuó desarrollando sus inversiones después de que Isaac se marchara.","Dallas County Deed Index, vol. 53 p. 210, April 29, 1871 // Courtesy Dallas County Records Department","Índice de Escrituras del Condado de Dallas, vol. 53 pág. 210, 29 de abril de 1871 // Cortesía del Departamento de Registros del Condado de Dallas",Thompson Artifact Link,Almost done,Looking for better quality image,,,
7-b. Hope Thompson (New opportunities),,,,,,,,,,,
Lead Text (character max 190),Spanish Translation ,Body Text (character max 455),Spanish Translation ,New Opportunities image link,New Opportunities image caption (character max 160),Spanish Translation ,New Opportunities image tombstone ,Spanish Translation ,Status,Notes,
Freedom brought Black Texans like Hope Thompson the opportunity to choose their profession and build wealth. ,La libertad brindó a los texanos negros como Hope Thompson la oportunidad de elegir su profesión y construir riqueza.,"The Texas Constitutional Convention of 1866 granted Black Texans the right to create contracts, sue, and hold property. Thompson exercised these rights when she established her own successful business. As the value of her property on Elm Street increased, Thompson faced many lawsuits over ownership. She won the final suit in 1884 and kept the title to her land.  ","La Convención Constitucional de Texas de 1866 otorgó a los texanos negros el derecho a firmar contratos, demandar y poseer propiedades. Thompson ejerció estos derechos al establecer su propio negocio exitoso. A medida que aumentaba el valor de su propiedad en la calle Elm, Thompson enfrentó múltiples demandas relacionadas con su propiedad. Ganó la última demanda en 1884 y conservó el título de su terreno.",Thompson Opportunities Image Link,"This photograph looks out on Elm Street, where Thompson owned several lots. Her property grew in value as the area developed into a bustling commercial center. ","Esta fotografía muestra la calle Elm, donde Thompson poseía varios lotes. Su propiedad aumentó de valor a medida que la zona se transformó en un animado centro comercial.","Elm Street, Dallas, Texas
Courtesy DeGolyer Library, Southern Methodist University","Calle Elm, Dallas, Texas
Cortesía de la Biblioteca DeGolyer, Universidad Metodista del Sur",Complete,,
7-c. Hope Thompson (Challenges and dangers),,,,,,,,,,,
Lead Text (character max 190),Spanish Translation ,Body Text (character max 455),Spanish Translation ,Challenges and dangers image link,Challenges and dangers image caption (character max 160),Spanish Translation ,Challenges and dangers image tombstone ,Spanish Translation ,Status,Notes,
"Even though Black Texans could choose professions, they were paid less than people of other races for their work.","Aunque los texanos negros podían elegir sus profesiones, recibían menos pago por su trabajo.","Thompson was successful, but many other Black laundry women were unfairly paid for tough labor. Wage discrimination served as a tool of oppression. But Black Texans created their own paths forward. In 1877, Black domestic workers in Galveston organized a strike to demand better wages. Washerwomen, cooks, and servants banded together to seek change. Their collective action was part of a growing labor movement in Texas. ","Mientras Thompson prosperaba, otras lavanderas negras eran injustamente mal remuneradas por su arduo trabajo. La discriminación salarial se utilizaba como una herramienta de opresión. Pero los texanos negros crearon sus propios caminos hacia adelante. En 1877, trabajadoras domésticas negras en Galveston organizaron una huelga para exigir mejores salarios. Lavanderas, cocineras y sirvientas se unieron para buscar un cambio. Su acción colectiva fue parte de un creciente movimiento obrero en Texas.",Thompson Challenges Image Link,Black women faced additional challenges in finding employment from compounding racial and gender discrimination. Washing clothes allowed them to make their own schedule while running the household and taking care of family.,Las mujeres negras enfrentaban desafíos adicionales para encontrar empleo debido a la discriminación combinada por raza y género. Lavar ropa les permitía organizar su propio horario mientras se ocupaban del hogar y cuidaban de la familia.,"African American woman doing laundry // 
Courtesy Library of Congress, Washington D.C.","Mujer afroamericana lavando ropa
Cortesía de la Biblioteca del Congreso, Washington, D.C.
",Complete,TIF file available here,